Source,Target
0,1
0,2
0,3
3,4
6,7
6,8
6,9
6,10
6,11
6,12
9,13
9,14
15,16
17,15
18,19
18,20
21,17
10,21
10,22
23,24
25,26
12,23
12,27
12,28
12,29
20,25
28,30
27,18
31,32
33,34
33,35
33,36
37,38
36,37
36,39
40,41
42,43
42,44
42,45
42,46
42,47
47,48
47,49
50,51
52,50
53,52
49,53
55,56
55,57
56,58
57,59
61,62
61,63
64,65
64,66
64,67
64,68
64,69
64,70
71,72
71,73
70,71
75,76
75,77
75,78
75,79
75,80
75,81
79,82
79,83
86,87
86,88
86,89
86,90
86,91
86,92
86,93
86,94
86,95
96,97
98,99
100,98
101,96
90,102
91,103
91,104
105,101
94,106
94,107
89,100
108,105
109,108
93,109
110,111
110,112
110,113
110,114
110,115
120,121
120,122
122,123
122,124
126,127
126,128
129,130
129,131
132,133
132,134
132,135
132,136
132,137
132,138
132,139
132,140
135,141
134,142
134,143
144,145
146,147
140,146
137,148
137,144
150,151
150,152
150,153
150,154
150,155
152,156
155,157
159,160
161,162
161,163
164,165
166,164
167,166
168,167
163,168
160,161
170,171
170,172
173,174
173,175
174,176
175,177
175,178
181,182
181,183
181,184
183,185
190,191
190,192
190,193
190,194
190,195
190,196
190,197
190,198
190,199
190,200
201,202
203,201
203,204
205,203
206,205
196,206
207,208
209,210
211,207
212,209
213,214
215,212
200,215
200,213
199,211
216,217
216,218
216,219
216,220
216,221
216,222
216,223
224,225
226,224
220,226
230,231
230,232
230,233
230,234
232,235
231,236
237,238
239,237
240,239
240,241
234,240
234,242
242,243
245,246
246,247
246,248
246,249
250,251
250,252
250,253
254,255
251,256
251,254
252,257
253,258
259,260
259,261
259,262
259,263
264,265
266,264
267,266
268,267
269,268
261,270
260,269
262,271
263,272
273,274
273,275
273,276
273,277
273,278
273,279
273,280
273,281
273,282
273,283
273,284
273,285
273,286
273,287
288,289
288,290
285,291
292,293
294,295
283,294
287,288
282,292
296,297
296,298
296,299
296,300
299,301
302,303
304,302
305,304
297,305
300,306
300,307
310,311
310,312
310,313
310,314
310,315
310,316
310,317
310,318
311,319
314,320
316,321
315,322
317,323
318,324
329,330
329,331
329,332
329,333
329,334
329,335
329,336
329,337
329,338
339,340
339,341
331,342
338,343
338,344
333,345
333,346
347,348
349,350
351,339
351,352
346,353
354,347
355,349
356,357
356,358
360,361
362,363
363,364
363,365
366,367
366,368
366,369
366,370
371,372
371,373
371,374
369,375
370,376
370,377
378,371
368,379
377,378
382,383
382,384
383,385
388,389
388,390
388,391
388,392
388,393
388,394
388,395
388,396
388,397
388,398
388,399
388,400
388,401
402,403
404,405
404,406
407,408
398,407
409,410
409,411
412,413
414,415
411,412
416,414
417,402
418,419
418,420
418,421
418,422
418,423
418,424
424,425
426,427
426,428
426,429
426,430
426,431
426,432
426,433
428,434
435,436
435,437
435,438
435,439
440,441
436,442
443,444
445,440
437,443
446,445
438,447
448,446
439,448
452,453
452,454
454,455
458,459
458,460
458,461
461,462
460,463
464,465
468,469
468,470
471,472
473,471
474,475
474,476
476,473
470,474
478,479
478,480
478,481
478,482
478,483
479,484
481,485
480,486
487,488
487,489
483,487
490,491
491,492
493,494
493,495
493,496
493,497
493,498
493,499
493,500
501,502
494,501
503,504
505,503
506,507
508,509
497,505
497,510
511,512
513,506
514,513
515,514
500,508
500,516
498,511
499,515
518,519
518,520
518,521
518,522
519,523
519,524
528,529
528,530
528,531
528,532
531,533
530,534
529,535
536,537
532,536
532,538
539,540
539,541
542,543
541,542
544,545
544,546
549,550
549,551
549,552
549,553
549,554
555,556
555,557
551,558
559,560
561,559
561,562
563,564
565,563
566,567
568,566
569,568
570,569
562,571
572,570
573,565
574,561
575,574
576,577
578,576
579,580
581,582
581,583
581,584
581,585
581,586
585,587
586,588
589,590
589,591
589,592
594,595
595,596
595,597
598,599
598,600
604,605
607,608
609,610
609,611
609,612
609,613
614,615
616,614
616,617
613,618
613,619
613,616
613,620
613,621
613,622
613,623
613,624
625,626
627,628
627,629
630,631
632,630
621,632
629,625
624,633
623,634
612,635
636,637
636,638
636,639
636,640
636,641
636,642
636,643
644,645
646,647
648,644
649,646
637,648
650,649
651,652
653,650
638,653
654,651
639,654
655,656
655,657
655,658
655,659
657,660
657,661
657,662
657,663
664,665
666,664
667,668
669,670
663,669
662,666
661,667
671,672
673,674
659,671
675,676
677,675
678,679
678,680
681,682
680,681
683,684
685,686
685,687
685,688
685,689
690,691
692,690
688,693
689,692
701,702
704,705
706,707
707,708
711,712
713,714
713,715
713,716
713,717
713,718
719,720
721,722
721,723
724,725
726,727
728,726
717,719
729,730
729,731
732,729
733,721
734,733
735,732
718,734
718,728
718,735
736,737
736,738
738,739
740,736
741,742
741,743
744,745
743,746
743,744
749,750
751,752
751,753
754,755
756,754
757,758
759,757
760,761
762,756
763,764
763,751
750,765
766,759
753,766
767,760
767,768
769,770
771,769
768,772
773,767
773,774
773,775
773,776
773,777
778,779
780,781
780,782
780,783
780,784
780,785
780,786
780,787
780,788
780,789
780,790
782,791
785,792
793,794
793,795
793,796
793,797
793,798
789,799
789,800
789,801
801,793
788,802
804,805
804,806
804,807
804,808
804,809
810,811
812,810
805,813
809,812
814,815
807,816
817,814
817,818
819,817
820,819
808,820
821,822
824,825
824,826
824,827
828,829
828,830
831,832
831,833
834,835
830,834
836,828
836,837
833,836
825,831
826,838
827,839
840,841
840,842
840,843
840,844
845,846
845,847
845,848
849,850
851,852
848,851
848,853
854,855
856,854
856,857
856,858
846,859
846,860
860,861
847,862
847,863
864,865
866,849
866,856
867,864
857,867
863,866
869,870
869,871
872,873
872,874
870,872
876,877
876,878
879,880
881,879
881,882
883,881
884,883
885,884
877,885
888,889
888,890
891,892
891,893
891,894
891,895
891,896
891,897
891,898
891,899
891,900
891,901
902,903
904,905
906,902
907,908
909,910
909,911
909,912
913,914
894,907
915,913
916,915
901,917
918,904
918,919
920,921
924,925
924,926
924,927
924,928
924,929
924,930
924,931
924,932
924,933
924,934
935,936
937,938
937,939
940,941
942,940
943,944
945,946
947,935
947,948
949,950
951,952
953,951
954,955
956,942
957,954
959,960
959,961
959,962
959,963
964,965
966,964
962,966
963,967
963,968
969,970
969,971
969,972
972,973
978,979
979,980
982,983
982,984
982,985
982,986
982,987
988,989
990,988
987,991
992,990
993,992
994,993
995,996
995,994
984,995
986,997
999,1000
999,1001
999,1002
1000,1003
1001,1004
1005,1006
1005,1007
1005,1008
1009,1010
1009,1011
1009,1012
1009,1013
1009,1014
1009,1015
1016,1017
1018,1016
1011,1019
1011,1018
1022,1023
1024,1025
1023,1024
1023,1026
1023,1027
1033,1034
1035,1036
1037,1035
1034,1037
1034,1038
1039,1040
1038,1039
1041,1042
1041,1043
1041,1044
1041,1045
1041,1046
1041,1047
1041,1048
1041,1049
1041,1050
1041,1051
1041,1052
1041,1053
1054,1055
1048,1054
1048,1056
1056,1057
1058,1059
1053,1058
1049,1060
1049,1061
1052,1062
1063,1064
1063,1065
1063,1066
1063,1067
1063,1068
1063,1069
1063,1070
1063,1071
1063,1072
1073,1074
1075,1076
1077,1075
1077,1078
1072,1079
1072,1080
1078,1081
1071,1077
1070,1073
1085,1086
1085,1087
1085,1088
1091,1092
1093,1094
1093,1095
1096,1097
1098,1096
1099,1098
1095,1099
1092,1093
1101,1102
1101,1103
1104,1105
1103,1104
1107,1108
1107,1109
1108,1110
1111,1112
1113,1111
1109,1113
1109,1114
1115,1116
1115,1117
1121,1122
1121,1123
1121,1124
1121,1125
1121,1126
1121,1127
1128,1129
1130,1128
1122,1130
1131,1132
1133,1131
1134,1133
1135,1134
1124,1135
1136,1137
1138,1136
1126,1138
1127,1139
1140,1141
1141,1142
1144,1145
1146,1147
1146,1148
1146,1149
1146,1150
1146,1151
1146,1152
1146,1153
1146,1154
1146,1155
1146,1156
1146,1157
1146,1158
1146,1159
1146,1160
1146,1161
1146,1162
1146,1163
1153,1164
1155,1165
1155,1166
1161,1167
1160,1168
1169,1170
1169,1171
1169,1172
1172,1173
1172,1174
1172,1175
1172,1176
1177,1178
1179,1177
1180,1179
1170,1180
1181,1182
1171,1181
1184,1185
1184,1186
1184,1187
1191,1192
1191,1193
1191,1194
1194,1195
1194,1196
1197,1198
1197,1199
1197,1200
1197,1201
1197,1202
1201,1203
1204,1205
1206,1204
1207,1208
1207,1206
1209,1207
1210,1209
1198,1210
1199,1211
1199,1212
1212,1213
1214,1215
1218,1219
1218,1220
1218,1221
1218,1222
1218,1223
1218,1224
1221,1225
1226,1227
1226,1228
1226,1229
1226,1230
1231,1232
1233,1231
1223,1233
1224,1226
1224,1234
1236,1237
1238,1239
1240,1241
1240,1242
1243,1236
1244,1245
1246,1238
1247,1244
1247,1243
1248,1246
1249,1247
1250,1249
1251,1252
1253,1254
1255,1253
1255,1256
1257,1251
1258,1250
1259,1260
1261,1258
1242,1262
1263,1264
1265,1240
1266,1261
1267,1257
1273,1274
1273,1275
1273,1276
1277,1278
1279,1277
1275,1280
1275,1281
1282,1279
1282,1283
1281,1284
1274,1282
1287,1288
1289,1290
1291,1292
1291,1293
1294,1291
1290,1294
1296,1297
1296,1298
1296,1299
1296,1300
1296,1301
1296,1302
1303,1304
1305,1306
1305,1307
1305,1308
1305,1309
1305,1310
1305,1311
1309,1312
1309,1313
1314,1315
1316,1314
1316,1317
1308,1318
1319,1316
1310,1320
1310,1319
1321,1322
1321,1323
1321,1324
1321,1325
1321,1326
1321,1327
1321,1328
1321,1329
1321,1330
1331,1332
1333,1334
1335,1333
1325,1336
1322,1335
1328,1337
1329,1338
1330,1331
1339,1340
1339,1341
1339,1342
1339,1343
1344,1345
1341,1344
1346,1347
1343,1346
1349,1350
1350,1351
1352,1353
1352,1354
1352,1355
1356,1357
1358,1359
1360,1361
1360,1362
1363,1364
1362,1365
1366,1367
1366,1363
1354,1356
1354,1358
1355,1360
1355,1366
1355,1368
1370,1371
1370,1372
1370,1373
1370,1374
1372,1375
1376,1377
1376,1378
1376,1379
1380,1381
1380,1382
1380,1383
1380,1384
1380,1385
1380,1386
1380,1387
1380,1388
1383,1389
1390,1391
1385,1392
1387,1390
1388,1393
1386,1394
1395,1396
1395,1397
1395,1398
1395,1399
1395,1400
1395,1401
1395,1402
1395,1403
1404,1405
1404,1406
1400,1407
1408,1409
1398,1408
1402,1404
1410,1411
1410,1412
1410,1413
1410,1414
1410,1415
1410,1416
1410,1417
1410,1418
1410,1419
1412,1420
1415,1421
1416,1422
1416,1423
1424,1425
1424,1426
1427,1428
1429,1430
1425,1427
1426,1429
1433,1434
1433,1435
1433,1436
1433,1437
1433,1438
1439,1440
1438,1439
1441,1442
1441,1443
1441,1444
1441,1445
1441,1446
1441,1447
1441,1448
1449,1450
1451,1449
1448,1451
1448,1452
1453,1454
1455,1453
1455,1456
1443,1457
1458,1455
1459,1458
1446,1459
1447,1460
1463,1464
1467,1468
1467,1469
1467,1470
1467,1471
1467,1472
1467,1473
1467,1474
1467,1475
1467,1476
1477,1478
1479,1477
1472,1480
1472,1481
1482,1479
1475,1482
1483,1484
1485,1486
1485,1487
1485,1488
1489,1490
1491,1492
1486,1491
1486,1489
1486,1493
1494,1495
1488,1494
1497,1498
1497,1499
1497,1500
1497,1501
1497,1502
1497,1503
1497,1504
1497,1505
1497,1506
1497,1507
1497,1508
1497,1509
1497,1510
1497,1511
1497,1512
1497,1513
1514,1515
1516,1517
1516,1518
1519,1514
1520,1519
1520,1521
1522,1523
1524,1525
1526,1524
1527,1528
1528,1529
1531,1532
1531,1533
1531,1534
1531,1535
1531,1536
1531,1537
1531,1538
1539,1540
1541,1539
1542,1541
1534,1542
1543,1544
1543,1545
1543,1546
1543,1547
1543,1548
1543,1549
1543,1550
1543,1551
1543,1552
1543,1553
1543,1554
1543,1555
1543,1556
1543,1557
1543,1558
1552,1559
1560,1561
1562,1560
1562,1563
1546,1562
1549,1564
1554,1565
1566,1567
1570,1571
1570,1572
1570,1573
1572,1574
1573,1575
1576,1577
1577,1578
1579,1580
1579,1581
1583,1584
1583,1585
1583,1586
1583,1587
1583,1588
1583,1589
1590,1591
1590,1592
1590,1593
1594,1595
1594,1596
1594,1597
1594,1598
1594,1599
1600,1601
1602,1600
1603,1602
1604,1603
1605,1604
1606,1605
1607,1606
1595,1607
1609,1610
1609,1611
1609,1612
1611,1613
1612,1614
1615,1616
1615,1617
1615,1618
1620,1621
1622,1623
1622,1624
1622,1625
1626,1627
1628,1629
1628,1630
1628,1626
1625,1628
1633,1634
1634,1635
1636,1637
1636,1638
1636,1639
1640,1641
1642,1640
1643,1642
1644,1645
1646,1647
1648,1649
1650,1648
1651,1652
1653,1654
1653,1655
1656,1657
1658,1650
1659,1660
1661,1662
1639,1661
1663,1664
1665,1666
1667,1668
1669,1663
1670,1671
1672,1658
1673,1669
1675,1676
1677,1678
1677,1679
1677,1680
1677,1681
1682,1683
1682,1684
1682,1685
1686,1687
1688,1686
1684,1689
1684,1690
1684,1691
1684,1692
1684,1693
1694,1688
1678,1694
1685,1695
1681,1682
1681,1696
1681,1697
1699,1700
1699,1701
1700,1702
1703,1704
1703,1705
1704,1706
1705,1707
1709,1710
1709,1711
1709,1712
1709,1713
1713,1714
1713,1715
1713,1716
1712,1717
1718,1719
1719,1720
1721,1722
1721,1723
1721,1724
1721,1725
1725,1726
1727,1728
1727,1729
1733,1734
1734,1735
1736,1737
1736,1738
1736,1739
1736,1740
1736,1741
1736,1742
1736,1743
1736,1744
1736,1745
1736,1746
1736,1747
1748,1749
1737,1748
1738,1750
1751,1752
1741,1751
1753,1754
1755,1753
1742,1756
1747,1755
1757,1758
1757,1759
1762,1763
1764,1765
1764,1766
1767,1764
1768,1767
1763,1768
1772,1773
1772,1774
1772,1775
1772,1776
1772,1777
1772,1778
1772,1779
1780,1781
1782,1783
1782,1784
1785,1786
1787,1788
1789,1790
1789,1791
1789,1792
1791,1793
1792,1794
1795,1796
1797,1798
1799,1787
1800,1780
1801,1802
1803,1804
1805,1806
1807,1808
1810,1811
1812,1813
1812,1814
1812,1815
1812,1816
1812,1817
1818,1819
1820,1818
1814,1821
1822,1820
1823,1822
1824,1825
1826,1823
1827,1826
1815,1824
1828,1827
1829,1828
1830,1829
1831,1830
1831,1832
1833,1831
1817,1833
1834,1835
1835,1836
1839,1840
1839,1841
1839,1842
1839,1843
1839,1844
1839,1845
1839,1846
1839,1847
1848,1849
1848,1850
1843,1848
1852,1853
1854,1855
1854,1856
1856,1857
1859,1860
1861,1862
1863,1861
1864,1863
1865,1864
1866,1865
1866,1867
1866,1868
1869,1870
1871,1869
1872,1871
1873,1874
1875,1873
1876,1872
1877,1878
1879,1875
1880,1879
1881,1880
1882,1883
1884,1885
1886,1882
1887,1888
1889,1890
1891,1889
1892,1891
1894,1895
1894,1896
1897,1898
1897,1899
1897,1900
1899,1901
1903,1904
1903,1905
1903,1906
1907,1908
1904,1907
1909,1910
1911,1909
1912,1911
1913,1912
1914,1913
1915,1916
1917,1918
1917,1914
1917,1919
1920,1921
1919,1915
1919,1922
1923,1920
1923,1917
1924,1925
1905,1924
1906,1926
1906,1923
1928,1929
1931,1932
1931,1933
1934,1935
1934,1936
1937,1938
1939,1937
1940,1939
1933,1941
1936,1940
1932,1934
1942,1943
1942,1944
1942,1945
1942,1946
1942,1947
1948,1949
1950,1948
1951,1950
1952,1951
1944,1952
1944,1953
1944,1954
1954,1955
1947,1956
1958,1959
1959,1960
1961,1962
1963,1964
1963,1965
1963,1966
1963,1967
1963,1968
1963,1969
1963,1970
1963,1971
1972,1973
1972,1974
1972,1975
1969,1976
1977,1972
1968,1977
1978,1979
1978,1980
1983,1984
1983,1985
1983,1986
1987,1988
1987,1989
1987,1990
1988,1991
1992,1993
1989,1994
1989,1995
1989,1996
1997,1992
1997,1998
1999,2000
1998,2001
1995,1999
1990,1997
2003,2004
2003,2005
2003,2006
2003,2007
2003,2008
2003,2009
2003,2010
2003,2011
2003,2012
2003,2013
2003,2014
2015,2016
2017,2015
2012,2018
2012,2017
2020,2021
2020,2022
2020,2023
2022,2024
2023,2025
2027,2028
2027,2029
2027,2030
2027,2031
2028,2032
2033,2034
2033,2035
2033,2036
2033,2037
2033,2038
2033,2039
2033,2040
2033,2041
2033,2042
2033,2043
2039,2044
2034,2045
2047,2048
2047,2049
2052,2053
2052,2054
2052,2055
2054,2056
2054,2057
2058,2059
2060,2058
2061,2060
2053,2061
2055,2062
2063,2064
2063,2065
2066,2067
2068,2066
2064,2068
2065,2069
2070,2071
2070,2072
2070,2073
2071,2074
2075,2076
2077,2075
2078,2077
2079,2078
2072,2079
2080,2081
2073,2080
2082,2083
2082,2084
2082,2085
2082,2086
2087,2088
2087,2089
2087,2090
2087,2091
2092,2093
2094,2095
2096,2092
2097,2096
2097,2098
2099,2097
2100,2094
2100,2101
2091,2099
2101,2087
2085,2100
2086,2102
2103,2104
2103,2105
2103,2106
2103,2107
2104,2108
2106,2109
2105,2110
2112,2113
2112,2114
2115,2116
2115,2117
2115,2118
2119,2115
2120,2119
2121,2122
2121,2120
2114,2121
2123,2124
2125,2126
2127,2125
2127,2128
2124,2127
2130,2131
2130,2132
2133,2134
2133,2135
2133,2136
2135,2137
2141,2142
2143,2144
2145,2146
2147,2148
2149,2147
2150,2149
2151,2150
2152,2151
2153,2152
2153,2154
2155,2153
2146,2155
2158,2159
2160,2161
2160,2162
2160,2163
2160,2164
2160,2165
2160,2166
2160,2167
2168,2169
2170,2168
2165,2171
2165,2172
2173,2174
2173,2170
2175,2176
2172,2175
2167,2177
2167,2178
2162,2173
2179,2180
2180,2181
2182,2183
2182,2184
2182,2185
2186,2187
2188,2186
2189,2188
2185,2189
2190,2191
2192,2193
2192,2194
2193,2195
2193,2196
2193,2197
2198,2199
2198,2200
2201,2202
2203,2204
2205,2201
2200,2206
2200,2203
2199,2205
2207,2208
2207,2209
2208,2210
2213,2214
2213,2215
2213,2216
2213,2217
2213,2218
2213,2219
2213,2220
2222,2223
2222,2224
2222,2225
2227,2228
2227,2229
2228,2230
2233,2234
2239,2240
2239,2241
2239,2242
2239,2243
2239,2244
2245,2246
2245,2247
2243,2245
2248,2249
2248,2250
2251,2252
2253,2254
2255,2251
2256,2257
2258,2253
2258,2255
2259,2258
2260,2256
2260,2261
2262,2263
2261,2262
2264,2259
2265,2264
2265,2266
2266,2267
2268,2260
2269,2265
2270,2268
2271,2270
2272,2269
2249,2272
2273,2271
2274,2275
2276,2277
2276,2278
2276,2279
2276,2280
2276,2281
2276,2282
2276,2283
2276,2284
2276,2285
2276,2286
2278,2287
2288,2289
2290,2291
2292,2293
2292,2294
2292,2295
2292,2296
2296,2297
2298,2299
2282,2300
2282,2288
2301,2302
2301,2303
2281,2304
2305,2306
2307,2308
2309,2310
2309,2311
2309,2312
2309,2313
2314,2315
2318,2319
2318,2320
2319,2321
2324,2325
2324,2326
2324,2327
2329,2330
2331,2329
2332,2333
2334,2332
2335,2334
2336,2331
2337,2336
2338,2337
2339,2335
2340,2339
2341,2340
2342,2341
2343,2342
2344,2345
2346,2344
2347,2346
2348,2347
2348,2349
2350,2348
2351,2350
2352,2351
2353,2354
2355,2353
2356,2357
2358,2352
2361,2362
2361,2363
2361,2364
2364,2365
2366,2367
2367,2368
2374,2375
2374,2376
2374,2377
2374,2378
2378,2379
2375,2380
2377,2381
2376,2382
2383,2384
2383,2385
2386,2387
2386,2388
2389,2390
2391,2392
2393,2391
2394,2393
2395,2394
2396,2397
2396,2398
2399,2400
2401,2399
2398,2401
2402,2403
2402,2404
2405,2406
2407,2395
2408,2407
2409,2410
2411,2409
2412,2411
2413,2412
2414,2413
2415,2414
2416,2415
2417,2418
2419,2420
2421,2422
2420,2421
2423,2424
2423,2425
2423,2426
2423,2427
2423,2428
2429,2430
2429,2431
2432,2433
2434,2435
2436,2437
2436,2438
2439,2440
2441,2436
2442,2439
2443,2441
2427,2444
2445,2443
2446,2447
2448,2449
2450,2446
2451,2450
2452,2434
2453,2454
2455,2452
2456,2457
2460,2461
2460,2462
2460,2463
2460,2464
2460,2465
2460,2466
2460,2467
2460,2468
2460,2469
2462,2470
2462,2471
2462,2472
2473,2474
2467,2473
2468,2475
2476,2477
2480,2481
2480,2482
2480,2483
2483,2484
2487,2488
2488,2489
2490,2491
2490,2492
2490,2493
2490,2494
2490,2495
2490,2496
2490,2497
2490,2498
2490,2499
2490,2500
2490,2501
2490,2502
2503,2504
2503,2505
2506,2507
2493,2508
2509,2510
2505,2506
2494,2511
2512,2513
2514,2515
2516,2517
2518,2519
2520,2521
2522,2514
2523,2524
2523,2525
2523,2526
2523,2527
2523,2528
2523,2529
2523,2530
2523,2531
2525,2532
2533,2534
2533,2535
2533,2536
2533,2537
2533,2538
2533,2539
2533,2540
2533,2541
2533,2542
2533,2543
2544,2545
2539,2544
2546,2547
2538,2548
2549,2546
2536,2549
2540,2550
2551,2552
2551,2553
2554,2555
2556,2554
2557,2556
2558,2557
2553,2558
2541,2551
2559,2560
2559,2561
2562,2563
2564,2565
2566,2562
2561,2566
2560,2564
2567,2568
2570,2571
2570,2572
2571,2573
2574,2575
2574,2576
2574,2577
2574,2578
2574,2579
2574,2580
2574,2581
2574,2582
2574,2583
2574,2584
2574,2585
2574,2586
2587,2588
2577,2587
2590,2591
2590,2592
2590,2593
2590,2594
2590,2595
2595,2596
2595,2597
2595,2598
2593,2599
2593,2600
2601,2602
2601,2603
2598,2604
2598,2605
2598,2606
2607,2608
2603,2607
2600,2609
2600,2610
2600,2611
2591,2601
2612,2613
2592,2612
2606,2614
2617,2618
2619,2620
2622,2623
2622,2624
2622,2625
2624,2626
2627,2628
2631,2632
2631,2633
2631,2634
2631,2635
2636,2637
2636,2638
2632,2636
2639,2640
2639,2641
2639,2642
2639,2643
2639,2644
2639,2645
2639,2646
2639,2647
2649,2650
2649,2651
2652,2653
2650,2652
2651,2654
2656,2657
2660,2661
2660,2662
2660,2663
2660,2664
2660,2665
2666,2667
2666,2668
2666,2669
2668,2670
2671,2672
2669,2673
2662,2674
2675,2666
2663,2675
2665,2676
2665,2677
2665,2678
2665,2679
2680,2671
2677,2681
2682,2680
2678,2683
2678,2684
2664,2682
2685,2686
2685,2687
2685,2688
2685,2689
2685,2690
2685,2691
2692,2693
2694,2692
2694,2695
2695,2696
2697,2698
2699,2697
2700,2701
2700,2694
2702,2703
2704,2705
2706,2700
2706,2707
2707,2699
2690,2704
2690,2706
2690,2708
2709,2710
2711,2712
2713,2711
2714,2715
2714,2716
2714,2717
2714,2718
2714,2719
2714,2720
2715,2721
2718,2722
2718,2723
2718,2724
2726,2727
2726,2728
2726,2729
2726,2730
2726,2731
2726,2732
2726,2733
2726,2734
2726,2735
2726,2736
2726,2737
2726,2738
2726,2739
2726,2740
2726,2741
2742,2743
2742,2744
2745,2746
2747,2748
2749,2750
2751,2749
2752,2747
2753,2752
2754,2755
2756,2757
2758,2759
2758,2760
2761,2762
2763,2761
2760,2763
2768,2769
2768,2770
2771,2772
2773,2771
2773,2774
2770,2773
2775,2776
2775,2777
2782,2783
2782,2784
2786,2787
2786,2788
2786,2789
2786,2790
2786,2791
2786,2792
2786,2793
2786,2794
2789,2795
2796,2797
2798,2796
2799,2798
2791,2800
2791,2799
2801,2802
2803,2801
2794,2803
2804,2805
2804,2806
2804,2807
2808,2809
2810,2808
2811,2812
2811,2813
2805,2810
2806,2811
2807,2814
2815,2816
2815,2817
2818,2819
2820,2818
2816,2820
2821,2822
2821,2823
2817,2821
2824,2825
2824,2826
2824,2827
2824,2828
2824,2829
2824,2830
2832,2833
2834,2835
2836,2834
2837,2838
2839,2836
2840,2837
2833,2840
2833,2841
2841,2839
2842,2843
2844,2845
2846,2844
2847,2848
2849,2850
2851,2849
2852,2851
2852,2853
2854,2846
2855,2856
2857,2855
2858,2854
2859,2857
2859,2860
2861,2862
2863,2861
2864,2865
2860,2858
2866,2863
2867,2864
2868,2866
2869,2868
2870,2871
2872,2847
2873,2859
2875,2876
2875,2877
2875,2878
2875,2879
2875,2880
2881,2882
2879,2883
2879,2884
2876,2881
2885,2886
2880,2885
2888,2889
2888,2890
2888,2891
2888,2892
2888,2893
2888,2894
2888,2895
2896,2897
2894,2896
2898,2899
2899,2900
2899,2901
2907,2908
2907,2909
2913,2914
2913,2915
2913,2916
2913,2917
2913,2918
2913,2919
2915,2920
2923,2924
2923,2925
2923,2926
2923,2927
2923,2928
2923,2929
2923,2930
2931,2932
2928,2931
2928,2933
2929,2934
2935,2936
2926,2937
2927,2935
2942,2943
2942,2944
2942,2945
2946,2947
2946,2948
2948,2949
2950,2946
2951,2952
2951,2953
2954,2955
2954,2956
2954,2951
2953,2957
2958,2950
2956,2958
2959,2960
2961,2962
2961,2963
2964,2961
2965,2964
2965,2966
2967,2968
2969,2970
2971,2959
2971,2972
2977,2978
2977,2979
2977,2980
2977,2981
2982,2983
2982,2984
2980,2982
2985,2986
2988,2989
2990,2991
2992,2990
2992,2993
2994,2992
2994,2995
2989,2994
2999,3000
2999,3001
3002,3003
3004,3002
3004,3005
3005,3006
3001,3004
3007,3008
3007,3009
3008,3010
3011,3012
3011,3013
3011,3014
3011,3015
3016,3017
3016,3018
3016,3019
3019,3020
3021,3022
3021,3023
3024,3025
3026,3027
3026,3028
3026,3029
3030,3031
3032,3033
3034,3032
3035,3034
3036,3035
3037,3036
3038,3039
3040,3038
3041,3040
3042,3043
3015,3041
3044,3045
3044,3046
3044,3047
3044,3048
3044,3049
3050,3051
3052,3053
3054,3052
3055,3054
3056,3057
3046,3055
3045,3050
3048,3056
3058,3059
3062,3063
3062,3064
3062,3065
3062,3066
3062,3067
3068,3069
3068,3070
3071,3072
3065,3073
3065,3074
3075,3076
3077,3078
3079,3080
3079,3075
3081,3077
3081,3082
3067,3083
3067,3081
3074,3071
3084,3085
3084,3086
3087,3088
3089,3090
3086,3079
3082,3084
3095,3096
3095,3097
3095,3098
3095,3099
3104,3105
3114,3115
3116,3117
3115,3116
3119,3120
3119,3121
3119,3122
3119,3123
3119,3124
3122,3125
3124,3126
3127,3128
3129,3127
3129,3130
3130,3131
3123,3129
3123,3132
3133,3134
3133,3135
3133,3136
3133,3137
3133,3138
3133,3139
3133,3140
3133,3141
3133,3142
3133,3143
3133,3144
3133,3145
3133,3146
3133,3147
3133,3148
3147,3149
3147,3150
3151,3152
3146,3153
3154,3151
3143,3155
3139,3154
3148,3156
3145,3157
3158,3159
3160,3161
3160,3162
3160,3163
3160,3164
3160,3165
3166,3167
3161,3166
3165,3168
3170,3171
3170,3172
3170,3173
3170,3174
3170,3175
3170,3176
3170,3177
3170,3178
3170,3179
3170,3180
3170,3181
3170,3182
3184,3185
3184,3186
3188,3189
3190,3191
3190,3192
3193,3194
3195,3193
3195,3196
3196,3197
3191,3195
3191,3198
3192,3199
3202,3203
3202,3204
3202,3205
3202,3206
3202,3207
3202,3208
3209,3210
3211,3209
3208,3212
3208,3213
3208,3214
3213,3211
3215,3216
3214,3215
3218,3219
3218,3220
3218,3221
3218,3222
3218,3223
3218,3224
3225,3226
3225,3227
3225,3228
3229,3230
3227,3229
3223,3231
3232,3225
3233,3232
3234,3233
3224,3234
3236,3237
3236,3238
3236,3239
3236,3240
3236,3241
3236,3242
3236,3243
3236,3244
3237,3245
3240,3246
3242,3247
3249,3250
3254,3255
3258,3259
3260,3261
3260,3262
3260,3263
3259,3264
3259,3260
3265,3266
3265,3267
3265,3268
3265,3269
3265,3270
3265,3271
3265,3272
3265,3273
3265,3274
3265,3275
3265,3276
3265,3277
3265,3278
3279,3280
3281,3282
3283,3279
3284,3285
3286,3281
3287,3288
3289,3290
3289,3291
3291,3292
3293,3294
3293,3295
3296,3297
3300,3301
3300,3302
3302,3303
3302,3304
3305,3306
3305,3307
3305,3308
3305,3309
3305,3310
3311,3312
3311,3313
3313,3314
3313,3315
3310,3311
3318,3319
3318,3320
3318,3321
3318,3322
3318,3323
3324,3325
3319,3326
3319,3327
3319,3328
3327,3329
3320,3324
3323,3330
3333,3334
3333,3335
3333,3336
3337,3333
3337,3338
3339,3340
3341,3339
3342,3341
3342,3343
3344,3342
3338,3345
3338,3344
3338,3346
3347,3348
3349,3350
3351,3349
3352,3347
3352,3353
3354,3355
3354,3356
3357,3358
3359,3354
3360,3357
3353,3359
3361,3337
3362,3363
3362,3364
3362,3365
3362,3366
3367,3368
3369,3370
3371,3369
3366,3371
3365,3372
3365,3367
3373,3374
3373,3375
3373,3376
3377,3378
3377,3379
3377,3380
3377,3381
3377,3382
3377,3383
3377,3384
3377,3385
3377,3386
3377,3387
3377,3388
3377,3389
3377,3390
3377,3391
3381,3392
3393,3394
3393,3395
3383,3393
3383,3396
3382,3397
3398,3399
3400,3398
3384,3401
3387,3400
3402,3403
3402,3404
3402,3405
3402,3406
3402,3407
3408,3409
3410,3408
3411,3410
3412,3411
3413,3414
3403,3412
3405,3415
3416,3417
3406,3416
3406,3413
3407,3418
3419,3420
3420,3421
3423,3424
3423,3425
3423,3426
3423,3427
3424,3428
3424,3429
3430,3431
3430,3432
3430,3433
3434,3430
3426,3434
3435,3436
3435,3437
3435,3438
3435,3439
3435,3440
3439,3441
3442,3443
3444,3442
3445,3444
3440,3445
3446,3447
3446,3448
3446,3449
3446,3450
3446,3451
3446,3452
3446,3453
3446,3454
3446,3455
3456,3457
3458,3459
3460,3458
3461,3460
3462,3463
3462,3464
3465,3466
3467,3468
3469,3470
3471,3472
3450,3473
3474,3471
3475,3476
3477,3478
3479,3456
3480,3481
3483,3484
3483,3485
3483,3486
3483,3487
3483,3488
3483,3489
3483,3490
3483,3491
3483,3492
3483,3493
3483,3494
3495,3496
3497,3495
3498,3499
3500,3501
3502,3503
3504,3505
3487,3506
3507,3508
3509,3504
3510,3511
3512,3510
3513,3512
3514,3513
3515,3516
3518,3519
3518,3520
3526,3527
3529,3530
3529,3531
3532,3533
3532,3534
3535,3536
3537,3535
3533,3537
3533,3538
3541,3542
3544,3545
3544,3546
3544,3547
3544,3548
3544,3549
3544,3550
3551,3552
3553,3554
3555,3556
3557,3555
3558,3559
3560,3561
3560,3551
3562,3560
3563,3564
3565,3562
3566,3563
3567,3565
3568,3566
3569,3568
3570,3571
3572,3570
3573,3572
3574,3575
3576,3577
3579,3580
3579,3581
3579,3582
3579,3583
3579,3584
3583,3585
3583,3586
3584,3587
3588,3589
3588,3590
3588,3591
3588,3592
3593,3594
3592,3593
3595,3596
3595,3597
3595,3598
3599,3600
3598,3601
3597,3599
3602,3603
3602,3604
3604,3605
3607,3608
3607,3609
3607,3610
3607,3611
3607,3612
3609,3613
3614,3615
3616,3617
3619,3620
3619,3621
3622,3623
3622,3624
3622,3625
3622,3626
3622,3627
3622,3628
3622,3629
3622,3630
3622,3631
3624,3632
3624,3633
3634,3635
3629,3634
3636,3637
3636,3638
3636,3639
3636,3640
3636,3641
3636,3642
3636,3643
3636,3644
3636,3645
3636,3646
3636,3647
3636,3648
3636,3649
3650,3651
3637,3650
3652,3653
3649,3652
3644,3654
3642,3655
3641,3656
3657,3658
3660,3661
3660,3662
3660,3663
3660,3664
3660,3665
3660,3666
3660,3667
3660,3668
3660,3669
3660,3670
3660,3671
3672,3673
3674,3672
3675,3676
3677,3674
3678,3677
3667,3675
3663,3678
3671,3679
3682,3683
3682,3684
3682,3685
3682,3686
3683,3687
3689,3690
3692,3693
3692,3694
3695,3696
3694,3695
3699,3700
3701,3702
3703,3704
3703,3705
3703,3706
3703,3707
3703,3708
3703,3709
3703,3710
3703,3711
3715,3716
3717,3718
3717,3719
3716,3717
3720,3721
3724,3725
3729,3730
3729,3731
3729,3732
3729,3733
3729,3734
3729,3735
3730,3736
3737,3738
3739,3740
3739,3741
3739,3742
3739,3743
3739,3744
3739,3745
3739,3746
3739,3747
3739,3748
3739,3749
3753,3754
3755,3756
3756,3757
3758,3759
3760,3761
3767,3768
3767,3769
3770,3771
3770,3772
3774,3775
3774,3776
3774,3777
3774,3778
3774,3779
3774,3780
3774,3781
3774,3782
3777,3783
3782,3784
3785,3786
3786,3787
3793,3794
3795,3796
3795,3797
3795,3798
3797,3799
3798,3800
3802,3803
3802,3804
3802,3805
3802,3806
3805,3807
3808,3809
3810,3811
3803,3810
3804,3812
3813,3808
3813,3814
3806,3813
3817,3818
3819,3820
3821,3822
3818,3823
3818,3821
3818,3824
3824,3819
3825,3826
3825,3827
3825,3828
3825,3829
3831,3832
3831,3833
3831,3834
3834,3835
3834,3836
3837,3838
3839,3840
3844,3845
3844,3846
3844,3847
3844,3848
3850,3851
3850,3852
3850,3853
3850,3854
3850,3855
3850,3856
3850,3857
3858,3859
3860,3858
3861,3860
3862,3861
3863,3862
3864,3863
3865,3864
3866,3865
3867,3866
3868,3867
3869,3868
3869,3870
3869,3871
3871,3872
3870,3873
3870,3874
3875,3869
3853,3875
3876,3877
3876,3878
3876,3879
3876,3880
3876,3881
3876,3882
3876,3883
3876,3884
3876,3885
3884,3886
3884,3887
3882,3888
3881,3889
3881,3890
3892,3893
3892,3894
3892,3895
3892,3896
3892,3897
3892,3898
3899,3900
3901,3899
3902,3901
3895,3902
3895,3903
3895,3904
3905,3906
3907,3905
3908,3907
3909,3908
3904,3910
3898,3911
3912,3909
3913,3914
3913,3912
3915,3916
3915,3917
3918,3919
3920,3918
3924,3925
3926,3927
3926,3928
3926,3929
3926,3930
3926,3931
3926,3932
3926,3933
3926,3934
3926,3935
3926,3936
3937,3938
3932,3937
3939,3940
3939,3941
3936,3939
3942,3943
3942,3944
3944,3945
3946,3947
3947,3948
3951,3952
3951,3953
3951,3954
3951,3955
3951,3956
3951,3957
3951,3958
3951,3959
3951,3960
3951,3961
3951,3962
3951,3963
3951,3964
3951,3965
3951,3966
3951,3967
3951,3968
3951,3969
3970,3971
3956,3972
3973,3974
3973,3975
3976,3977
3978,3979
3978,3980
3982,3983
3982,3984
3982,3985
3988,3989
3991,3992
3993,3994
3997,3998
3999,4000
3999,4001
4000,4002
4001,4003
4004,4005
4006,4007
4006,4008
4006,4009
4006,4010
4011,4012
4007,4013
4008,4011
4009,4014
4015,4016
4015,4017
4015,4018
4019,4020
4019,4021
4022,4023
4024,4022
4025,4026
4021,4025
4021,4024
4021,4027
4017,4019
4028,4029
4030,4031
4030,4032
4030,4033
4030,4034
4030,4035
4035,4036
4038,4039
4038,4040
4038,4041
4038,4042
4038,4043
4038,4044
4045,4046
4047,4048
4049,4047
4050,4051
4052,4049
4053,4054
4055,4056
4057,4058
4059,4057
4060,4053
4061,4059
4062,4052
4063,4050
4064,4061
4065,4066
4042,4065
4067,4068
4044,4069
4070,4064
4072,4073
4072,4074
4073,4075
4077,4078
4077,4079
4078,4080
4081,4082
4081,4083
4084,4085
4086,4087
4088,4089
4090,4091
4092,4093
4094,4092
4095,4090
4095,4096
4097,4098
4083,4099
4096,4100
4101,4094
4101,4102
4102,4103
4102,4104
4105,4106
4107,4108
4109,4107
4110,4109
4111,4110
4112,4111
4113,4112
4114,4113
4115,4116
4115,4117
4115,4118
4115,4119
4115,4120
4121,4122
4121,4123
4124,4125
4126,4124
4120,4127
4120,4128
4120,4126
4129,4130
4123,4129
4117,4131
4117,4132
4132,4121
4133,4134
4133,4135
4133,4136
4133,4137
4133,4138
4133,4139
4133,4140
4133,4141
4142,4143
4142,4144
4145,4146
4147,4148
4147,4149
4150,4151
4141,4145
4135,4152
4153,4142
4154,4155
4154,4156
4157,4153
4136,4157
4138,4150
4139,4154
4139,4147
4158,4159
4158,4160
4158,4161
4162,4163
4165,4166
4165,4167
4167,4168
4167,4169
4167,4170
4171,4172
4171,4173
4171,4174
4171,4175
4172,4176
4177,4178
4179,4177
4180,4179
4174,4180
4174,4181
4184,4185
4184,4186
4187,4188
4187,4189
4187,4190
4187,4191
4187,4192
4187,4193
4187,4194
4187,4195
4196,4197
4198,4199
4200,4198
4200,4201
4190,4202
4190,4203
4204,4196
4204,4205
4204,4200
4192,4206
4205,4207
4195,4204
4208,4209
4210,4211
4209,4210
4213,4214
4213,4215
4213,4216
4214,4217
4216,4218
4219,4220
4219,4221
4219,4222
4219,4223
4224,4225
4226,4224
4220,4226
4227,4228
4229,4230
4231,4232
4231,4229
4231,4233
4233,4227
4234,4235
4236,4234
4236,4237
4238,4239
4240,4236
4241,4238
4242,4240
4223,4241
4243,4231
4243,4244
4245,4246
4222,4245
4247,4248
4247,4249
4250,4251
4250,4252
4250,4253
4250,4254
4250,4255
4250,4256
4250,4257
4250,4258
4259,4260
4259,4261
4257,4262
4257,4263
4252,4259
4263,4264
4265,4266
4265,4267
4265,4268
4265,4269
4265,4270
4265,4271
4275,4276
4275,4277
4275,4278
4275,4279
4280,4281
4280,4282
4283,4284
4283,4285
4286,4280
4287,4286
4288,4287
4289,4288
4285,4289
4290,4283
4291,4292
4293,4294
4293,4295
4296,4297
4298,4299
4300,4296
4301,4302
4303,4301
4304,4300
4295,4303
4305,4306
4309,4310
4311,4312
4311,4313
4311,4314
4311,4315
4316,4317
4318,4316
4312,4318
4314,4319
4313,4320
4315,4321
4324,4325
4324,4326
4324,4327
4324,4328
4324,4329
4324,4330
4324,4331
4324,4332
4324,4333
4324,4334
4324,4335
4324,4336
4324,4337
4324,4338
4324,4339
4324,4340
4341,4342
4343,4344
4343,4345
4346,4347
4346,4341
4335,4348
4340,4349
4340,4343
4350,4351
4352,4353
4352,4354
4352,4355
4352,4356
4353,4357
4355,4358
4355,4359
4355,4360
4355,4361
4355,4362
4356,4363
4366,4367
4366,4368
4369,4370
4371,4369
4372,4371
4373,4372
4368,4373
4374,4375
4374,4376
4374,4377
4378,4379
4378,4380
4378,4381
4380,4382
4383,4384
4383,4385
4385,4386
4385,4387
4388,4383
4381,4388
4391,4392
4394,4395
4395,4396
4397,4398
4397,4399
4397,4400
4397,4401
4401,4402
4401,4403
4401,4404
4405,4406
4405,4407
4408,4409
4410,4411
4412,4413
4414,4412
4415,4416
4399,4415
4417,4414
4418,4419
4420,4410
4421,4422
4423,4424
4423,4418
4425,4426
4425,4423
4427,4425
4428,4429
4433,4434
4434,4435
4434,4436
4437,4438
4437,4439
4437,4440
4442,4443
4447,4448
4447,4449
4450,4451
4452,4450
4453,4452
4454,4453
4449,4454
4455,4456
4455,4457
4455,4458
4455,4459
4455,4460
4455,4461
4455,4462
4455,4463
4464,4465
4464,4466
4464,4467
4468,4469
4468,4464
4468,4470
4459,4471
4470,4472
4463,4473
4463,4468
4475,4476
4478,4479
4478,4480
4481,4482
4482,4483
4484,4485
4489,4490
4491,4492
4493,4494
4493,4495
4493,4496
4493,4497
4493,4498
4499,4500
4499,4501
4497,4499
4503,4504
4503,4505
4503,4506
4503,4507
4503,4508
4503,4509
4509,4510
4509,4511
4509,4512
4513,4514
4513,4515
4513,4516
4513,4517
4513,4518
4513,4519
4513,4520
4513,4521
4513,4522
4513,4523
4513,4524
4513,4525
4513,4526
4513,4527
4513,4528
4529,4530
4531,4532
4533,4531
4534,4535
4536,4537
4538,4539
4540,4541
4542,4543
4544,4533
4545,4546
4549,4550
4550,4551
4552,4553
4552,4554
4552,4555
4556,4557
4558,4556
4559,4560
4559,4561
4562,4563
4562,4564
4565,4566
4567,4565
4567,4568
4568,4569
4568,4562
4570,4558
4553,4570
4571,4572
4573,4571
4561,4573
4574,4559
4575,4574
4576,4575
4577,4576
4564,4577
4555,4567
4581,4582
4583,4584
4585,4583
4586,4585
4582,4586
4587,4588
4588,4589
4588,4590
4588,4591
4592,4593
4592,4594
4592,4595
4592,4596
4592,4597
4592,4598
4594,4599
4603,4604
4605,4606
4605,4607
4605,4608
4605,4609
4605,4610
4605,4611
4605,4612
4605,4613
4605,4614
4619,4620
4620,4621
4622,4623
4622,4624
4625,4626
4627,4628
4627,4629
4627,4630
4631,4632
4630,4631
4633,4634
4633,4635
4633,4636
4633,4637
4633,4638
4633,4639
4640,4641
4640,4642
4640,4643
4644,4645
4646,4647
4648,4646
4649,4650
4636,4649
4636,4651
4636,4652
4653,4644
4643,4654
4643,4655
4635,4640
4656,4657
4658,4653
4659,4660
4659,4661
4659,4662
4664,4665
4664,4666
4664,4667
4664,4668
4664,4669
4664,4670
4664,4671
4664,4672
4673,4674
4675,4673
4676,4677
4676,4678
4676,4679
4679,4680
4679,4681
4679,4682
4683,4684
4685,4683
4686,4685
4687,4688
4687,4675
4689,4690
4691,4676
4692,4693
4694,4695
4700,4701
4700,4702
4700,4703
4700,4704
4700,4705
4700,4706
4703,4707
4708,4709
4710,4708
4706,4710
4718,4719
4719,4720
4723,4724
4726,4727
4728,4729
4730,4728
4730,4731
4732,4730
4733,4732
4727,4733
4738,4739
4740,4741
4742,4740
4743,4744
4745,4742
4739,4743
4739,4745
4751,4752
4753,4754
4753,4755
4756,4753
4757,4756
4758,4757
4759,4758
4760,4759
4752,4760
4761,4762
4765,4766
4768,4769
4768,4770
4768,4771
4770,4772
4773,4774
4773,4775
4773,4776
4773,4777
4773,4778
4779,4780
4781,4779
4782,4781
4783,4784
4785,4782
4786,4785
4787,4783
4788,4787
4789,4786
4790,4789
4791,4790
4774,4792
4776,4788
4776,4791
4793,4794
4793,4795
4793,4796
4797,4798
4799,4800
4796,4799
4801,4802
4801,4803
4804,4805
4806,4807
4806,4808
4809,4804
4810,4806
4811,4809
4802,4811
4812,4810
4803,4812
4813,4814
4816,4817
4819,4820
4819,4821
4820,4822
4820,4823
4824,4825
4826,4824
4823,4826
4827,4828
4827,4829
4827,4830
4827,4831
4827,4832
4827,4833
4827,4834
4827,4835
4827,4836
4827,4837
4827,4838
4827,4839
4827,4840
4831,4841
4842,4843
4842,4844
4832,4845
4838,4842
4838,4846
4838,4847
4848,4849
4850,4851
4850,4852
4846,4850
4847,4848
4853,4854
4853,4855
4861,4862
4861,4863
4861,4864
4861,4865
4861,4866
4867,4868
4869,4870
4871,4872
4873,4874
4875,4876
4877,4875
4878,4877
4879,4880
4881,4882
4881,4883
4884,4885
4886,4887
4888,4889
4890,4891
4892,4893
4894,4895
4896,4897
4896,4898
4899,4900
4901,4899
4902,4903
4902,4904
4902,4905
4902,4906
4902,4907
4904,4908
4904,4909
4910,4911
4910,4912
4911,4913
4911,4914
4912,4915
4917,4918
4920,4921
4920,4922
4920,4923
4920,4924
4920,4925
4920,4926
4920,4927
4928,4929
4930,4931
4932,4930
4933,4928
4934,4935
4936,4937
4938,4939
4940,4941
4942,4943
4944,4945
4946,4942
4947,4940
4948,4949
4950,4933
4951,4952
4953,4954
4955,4956
4927,4957
4960,4961
4960,4962
4960,4963
4960,4964
4960,4965
4960,4966
4960,4967
4960,4968
4960,4969
4960,4970
4960,4971
4960,4972
4960,4973
4960,4974
4960,4975
4960,4976
4960,4977
4968,4978
4968,4979
4968,4980
4961,4981
4969,4982
4976,4983
4974,4984
4977,4985
4986,4987
4986,4988
4988,4989
4991,4992
4991,4993
4994,4995
4998,4999
4998,5000
4998,5001
5001,5002
5001,5003
5004,5005
5003,5004
5006,5007
5006,5008
5006,5009
5006,5010
5009,5011
5009,5012
5010,5013
5012,5014
5016,5017
5019,5020
5019,5021
5019,5022
5019,5023
5019,5024
5019,5025
5019,5026
5019,5027
5020,5028
5030,5031
5030,5032
5033,5034
5033,5035
5036,5033
5037,5038
5037,5036
5031,5037
5047,5048
5048,5049
5055,5056
5055,5057
5055,5058
5059,5060
5061,5062
5063,5064
5065,5066
5067,5068
5069,5059
5070,5071
5072,5073
5074,5075
5076,5077
5078,5079
5080,5081
5082,5078
5083,5070
5084,5061
5085,5086
5087,5088
5089,5090
5091,5092
5093,5094
5095,5096
5097,5098
5102,5103
5104,5105
5104,5106
5104,5107
5106,5108
5105,5109
5110,5111
5110,5112
5113,5114
5113,5115
5116,5117
5116,5118
5116,5119
5116,5120
5116,5121
5116,5122
5116,5123
5116,5124
5116,5125
5116,5126
5116,5127
5116,5128
5129,5130
5128,5129
5128,5131
5123,5132
5133,5134
5122,5133
5126,5135
5139,5140
5139,5141
5145,5146
5145,5147
5145,5148
5149,5150
5149,5151
5149,5152
5153,5154
5153,5155
5156,5157
5156,5158
5156,5159
5156,5160
5157,5161
5159,5162
5164,5165
5164,5166
5167,5168
5169,5167
5166,5169
5175,5176
5175,5177
5176,5178
5179,5180
5179,5181
5179,5182
5179,5183
5179,5184
5180,5185
5184,5186
5187,5188
5190,5191
5192,5190
5193,5192
5194,5195
5194,5196
5194,5197
5198,5199
5200,5201
5202,5203
5204,5205
5204,5206
5207,5208
5209,5210
5211,5204
5212,5207
5213,5194
5214,5193
5214,5215
5216,5213
5217,5202
5217,5218
5217,5200
5219,5209
5220,5214
5221,5220
5222,5223
5222,5224
5222,5225
5225,5226
5229,5230
5231,5232
5233,5234
5233,5235
5233,5236
5233,5237
5238,5239
5236,5238
5240,5241
5242,5240
5235,5242
5245,5246
5245,5247
5248,5249
5250,5251
5250,5252
5254,5255
5254,5256
5254,5257
5254,5258
5254,5259
5254,5260
5254,5261
5254,5262
5254,5263
5254,5264
5258,5265
5264,5266
5268,5269
5268,5270
5268,5271
5268,5272
5268,5273
5268,5274
5273,5275
5276,5277
5276,5278
5276,5279
5276,5280
5276,5281
5276,5282
5278,5283
5284,5285
5284,5286
5280,5287
5286,5288
5289,5284
5290,5291
5292,5290
5281,5289
5281,5292
5282,5293
5297,5298
5297,5299
5297,5300
5301,5302
5303,5301
5304,5305
5304,5303
5304,5306
5307,5308
5309,5310
5309,5307
5306,5311
5312,5309
5313,5314
5313,5315
5313,5316
5317,5313
5318,5317
5319,5320
5319,5321
5322,5318
5321,5323
5324,5322
5325,5324
5326,5319
5332,5333
5332,5334
5332,5335
5332,5336
5332,5337
5335,5338
5339,5340
5339,5341
5342,5343
5344,5345
5346,5342
5347,5348
5347,5349
5347,5350
5351,5346
5352,5353
5354,5355
5356,5357
5358,5356
5359,5344
5350,5358
5349,5360
5341,5359
5361,5362
5363,5361
5365,5366
5365,5367
5368,5369
5368,5370
5367,5371
5367,5368
5375,5376
5381,5382
5383,5384
5383,5385
5383,5386
5387,5388
5387,5389
5389,5390
5386,5387
5392,5393
5392,5394
5392,5395
5396,5397
5399,5400
5399,5401
5399,5402
5408,5409
5408,5410
5408,5411
5412,5413
5414,5412
5410,5414
5418,5419
5421,5422
5421,5423
5421,5424
5426,5427
5426,5428
5426,5429
5430,5431
5430,5432
5430,5433
5430,5434
5430,5435
5430,5436
5430,5437
5438,5439
5440,5438
5434,5440
5441,5442
5436,5441
5443,5444
5444,5445
5447,5448
5447,5449
5447,5450
5450,5451
5452,5453
5452,5454
5455,5456
5455,5457
5455,5458
5459,5460
5461,5462
5463,5461
5464,5463
5465,5464
5466,5465
5467,5466
5468,5469
5470,5467
5471,5468
5472,5470
5472,5471
5473,5459
5473,5474
5475,5472
5476,5475
5477,5478
5479,5476
5479,5477
5480,5479
5480,5481
5481,5473
5483,5484
5483,5485
5483,5486
5483,5487
5483,5488
5483,5489
5487,5490
5489,5491
5492,5493
5492,5494
5492,5495
5492,5496
5496,5497
5496,5498
5496,5499
5502,5503
5502,5504
5502,5505
5502,5506
5507,5508
5507,5509
5507,5510
5507,5511
5512,5513
5514,5512
5515,5514
5516,5515
5510,5516
5510,5517
5519,5520
5521,5522
5521,5523
5521,5524
